Date,CLOSE
2011-05-13,12.160702125
2011-05-16,11.903559525000002
2011-05-17,12.004987995
2011-05-18,12.13713072
2011-05-19,12.1617735525
2011-05-20,11.972845170000001
2011-05-23,11.9428452
2011-05-24,11.8689167025
2011-05-25,12.019987980000002
2011-05-26,11.96427375
2011-05-27,12.050345092500002
2011-05-31,12.4224875775
2011-06-01,12.339273375000001
2011-06-02,12.356059072500003
2011-06-03,12.261059167500001
2011-06-06,12.073202212500002
2011-06-07,11.853916717500002
2011-06-08,11.865702420000002
2011-06-09,11.838916732500001
2011-06-10,11.6274883725
2011-06-13,11.664988335
2011-06-14,11.8660595625
2011-06-15,11.671059757500002
2011-06-16,11.6117741025
2011-06-17,11.442131415
2011-06-20,11.26141731
2011-06-21,11.617845525000002
2011-06-22,11.523917047500001
2011-06-23,11.829631027500001
2011-06-24,11.655345487500002
2011-06-27,11.858559570000002
2011-06-28,11.973559455
2011-06-29,11.929988070000002
2011-06-30,11.9882022975
2011-07-01,12.258202027500001
2011-07-05,12.4714161
2011-07-06,12.56284458
2011-07-07,12.757130100000001
2011-07-08,12.8467728675
2011-07-11,12.6428445
2011-07-12,12.633915937500001
2011-07-13,12.786415785
2011-07-14,12.7774872225
2011-07-15,13.032844110000001
2011-07-18,13.349986650000002
2011-07-19,13.458915112500001
2011-07-20,13.817843325
2011-07-21,13.831771882500002
2011-07-22,14.046414525000001
2011-07-25,14.232128625000001
2011-07-26,14.405699880000002
2011-07-27,14.020343122500002
2011-07-28,13.993557435000001
2011-07-29,13.945700340000002
2011-08-01,14.169628687500001
2011-08-02,13.889628967500002
2011-08-03,14.020343122500002
2011-08-04,13.477486522500001
2011-08-05,13.343558085000002
2011-08-08,12.6146302425
2011-08-09,13.357486642500001
2011-08-10,12.9889155825
2011-08-11,13.346415225000001
2011-08-12,13.461057967500002
2011-08-15,13.693200592500002
2011-08-16,13.588557840000002
2011-08-17,13.587129270000002
2011-08-18,13.0732012125
2011-08-19,12.7153444275
2011-08-22,12.72998727
2011-08-23,13.342843800000002
2011-08-24,13.434986565
2011-08-25,13.347129510000002
2011-08-26,13.699272015
2011-08-29,13.927486072500002
2011-08-30,13.928200357500002
2011-08-31,13.743914827500001
2011-09-01,13.6124863875
2011-09-02,13.358915212500001
2011-09-06,13.5560578725
2011-09-07,13.711772002500002
2011-09-08,13.722129135000003
2011-09-09,13.4760579525
2011-09-12,13.569629287500002
2011-09-13,13.736414835000001
2011-09-14,13.903557525000002
2011-09-15,14.032128825000001
2011-09-16,14.303557125000001
2011-09-19,14.701056727500001
2011-09-20,14.7660566625
2011-09-21,14.719270995
2011-09-22,14.350699935000002
2011-09-23,14.439271275000001
2011-09-26,14.398914172500001
2011-09-27,14.259271455
2011-09-28,14.175700110000001
2011-09-29,13.9489146225
2011-09-30,13.613557815000002
2011-10-03,13.378558050000002
2011-10-04,13.303558125
2011-10-05,13.5210579075
2011-10-06,13.477486522500001
2011-10-07,13.20712965
2011-10-10,13.886057542500001
2011-10-11,14.296057132500001
2011-10-12,14.3639142075
2011-10-13,14.586771127500002
2011-10-14,15.071413500000002
2011-10-17,14.999627857500002
2011-10-18,15.079984920000001
2011-10-19,14.236414335000001
2011-10-20,14.118200167500001
2011-10-21,14.039271675000002
2011-10-24,14.4917712225
2011-10-25,14.2060572225
2011-10-26,14.305699980000002
2011-10-27,14.453199832500001
2011-10-28,14.462485537500001
2011-10-31,14.456414115
2011-11-01,14.1610572675
2011-11-02,14.193200092500001
2011-11-03,14.3953427475
2011-11-04,14.294271420000001
2011-11-07,14.276057152500002
2011-11-08,14.508199777500002
2011-11-09,14.11712874
2011-11-10,13.757843385000003
2011-11-11,13.736414835000001
2011-11-14,13.544986455
2011-11-15,13.8867718275
2011-11-16,13.7417719725
2011-11-17,13.478915092500001
2011-11-18,13.390700895
2011-11-21,13.1789153925
2011-11-22,13.4467722675
2011-11-23,13.106772607500002
2011-11-25,12.982129875000002
2011-11-28,13.432843710000002
2011-11-29,13.3285581
2011-11-30,13.64998635
2011-12-01,13.854629002500001
2011-12-02,13.917843225
2011-12-05,14.0360573925
2011-12-06,13.962486037500002
2011-12-07,13.8960575325
2011-12-08,13.952128905000002
2011-12-09,14.057843085000002
2011-12-12,13.99427172
2011-12-13,13.886057542500001
2011-12-14,13.5782007075
2011-12-15,13.533557895000001
2011-12-16,13.607843535
2011-12-19,13.650343492500001
2011-12-20,14.146414425000001
2011-12-21,14.158735841250001
2011-12-22,14.233914337500002
2011-12-23,14.406414165000001
2011-12-27,14.5189140525
2011-12-28,14.377842765
2011-12-29,14.46855696
2011-12-30,14.464271250000001
2012-01-03,14.686771027500003
2012-01-04,14.765699520000002
2012-01-05,14.9296279275
2012-01-06,15.0874849125
2012-01-09,15.0624849375
2012-01-10,15.115699170000001
2012-01-11,15.091056337500001
2012-01-12,15.0496278075
2012-01-13,14.998913572500003
2012-01-17,15.167841975
2012-01-18,15.325341817500002
2012-01-19,15.276770437500002
2012-01-20,15.010699275000002
2012-01-23,15.264984735000002
2012-01-24,15.017842125000001
2012-01-25,15.952126905000002
2012-01-26,15.873912697500002
2012-01-27,15.97426974
2012-01-30,16.178912392500003
2012-01-31,16.30284084
2012-02-01,16.2924837075
2012-02-02,16.25426946
2012-02-03,16.41712644
2012-02-06,16.5703405725
2012-02-07,16.7439118275
2012-02-08,17.024268690000003
2012-02-09,17.613196672500003
2012-02-10,17.631768082500002
2012-02-13,17.949982050000003
2012-02-14,18.194981805
2012-02-15,17.7739107975
2012-02-16,17.9481963375
2012-02-17,17.93283921
2012-02-21,18.387481612500004
2012-02-22,18.32283882
2012-02-23,18.442481557500003
2012-02-24,18.6574813425
2012-02-27,18.77712408
2012-02-28,19.121766592500002
2012-02-29,19.372837770000004
2012-03-01,19.4453376975
2012-03-02,19.470694814999998
2012-03-05,19.04569524
2012-03-06,18.938195347500002
2012-03-07,18.9531953325
2012-03-08,19.356766357500003
2012-03-09,19.4703376725
2012-03-12,19.714266000000002
2012-03-13,20.289265425000004
2012-03-14,21.056407515000004
2012-03-15,20.91283623
2012-03-16,20.913193372500004
2012-03-19,21.467835675000003
2012-03-20,21.641406930000002
2012-03-21,21.517835625
2012-03-22,21.400335742500005
2012-03-23,21.2789072925
2012-03-26,21.677835465
2012-03-27,21.94569234
2012-03-28,22.057835085
2012-03-29,21.780692505
2012-03-30,21.4096214475
2012-04-02,22.09569219
2012-04-03,22.475691810000004
2012-04-04,22.2967634175
2012-04-05,22.63140594
2012-04-09,22.7224772775
2012-04-10,22.444263270000004
2012-04-11,22.3610490675
2012-04-12,22.23426348
2012-04-13,21.6153355275
2012-04-16,20.73855069
2012-04-17,21.774978225
2012-04-18,21.726406845000003
2012-04-19,20.998193287500005
2012-04-20,20.463550965000003
2012-04-23,20.417836725000004
2012-04-24,20.00997999
2012-04-25,21.785692500000003
2012-04-26,21.703549725000002
2012-04-27,21.535692750000003
2012-04-30,20.865693420000003
2012-05-01,20.790336352500002
2012-05-02,20.9285505
2012-05-03,20.779264935000004
2012-05-04,20.1874798125
2012-05-07,20.338551090000003
2012-05-08,20.292122565
2012-05-09,20.327836815
2012-05-10,20.375693910000003
2012-05-11,20.239622617500004
2012-05-14,19.936408635000003
2012-05-15,19.7560516725
2012-05-16,19.502659068750003
2012-05-17,18.932838210000003
2012-05-18,18.942123915
2012-05-21,20.04569424
2012-05-22,19.891765822500002
2012-05-23,20.37712248
2012-05-24,20.189979810000004
2012-05-25,20.0817656325
2012-05-29,20.438193847500003
2012-05-30,20.6846221725
2012-05-31,20.6331936525
2012-06-01,20.035337107500002
2012-06-04,20.1531941325
2012-06-05,20.096408475000004
2012-06-06,20.4210510075
2012-06-07,20.41855101
2012-06-08,20.725693560000003
2012-06-11,20.412122445
2012-06-12,20.57712228
2012-06-13,20.43426528
2012-06-14,20.4117653025
2012-06-15,20.5046223525
2012-06-18,20.920693365
2012-06-19,20.9789075925
2012-06-20,20.9196219375
2012-06-21,20.62997937
2012-06-22,20.789264925
2012-06-25,20.382836760000004
2012-06-26,20.4346224225
2012-06-27,20.517836625
2012-06-28,20.3231939625
2012-06-29,20.857122
2012-07-02,21.168193117500003
2012-07-03,21.407478592500002
2012-07-05,21.783549645000004
2012-07-06,21.651049777500003
2012-07-09,21.9246209325
2012-07-10,21.7217639925
2012-07-11,21.5867641275
2012-07-12,21.389264325
2012-07-13,21.6060498225
2012-07-16,21.676764037500003
2012-07-17,21.676406895000003
2012-07-18,21.652121205
2012-07-19,21.9460494825
2012-07-20,21.560692725000003
2012-07-23,21.565335577500004
2012-07-24,21.4746213825
2012-07-25,20.534622322500002
2012-07-26,20.531408040000002
2012-07-27,20.908907662500003
2012-07-30,21.2510501775
2012-07-31,21.812835330000002
2012-08-01,21.6717640425
2012-08-02,21.706764007500002
2012-08-03,21.989263725000004
2012-08-06,22.2339063375
2012-08-07,22.1824778175
2012-08-08,22.137835005000003
2012-08-09,22.168906402500003
2012-08-10,22.20140637
2012-08-13,22.499977500000004
2012-08-14,22.560334582500005
2012-08-15,22.5296203275
2012-08-16,22.726405845000002
2012-08-17,23.1467625675
2012-08-20,23.755333387500002
2012-08-21,23.43658370625
2012-08-22,23.8881903975
2012-08-23,23.655690630000002
2012-08-24,23.691047737500003
2012-08-27,24.123904447500003
2012-08-28,24.0999759
2012-08-29,24.058190227500003
2012-08-30,23.716404855
2012-08-31,23.758547670000002
2012-09-04,24.091761622500005
2012-09-05,23.936761777500003
2012-09-06,24.16283298
2012-09-07,24.303547125
2012-09-10,23.669262045000004
2012-09-11,23.592476407500005
2012-09-12,23.918547510000003
2012-09-13,24.396047032500004
2012-09-14,24.68854674
2012-09-17,24.99283215
2012-09-18,25.069617787500004
2012-09-19,25.074974925000003
2012-09-20,24.9567607575
2012-09-21,25.025332117500003
2012-09-24,24.638546790000003
2012-09-25,24.060690225000002
2012-09-26,23.749976250000003
2012-09-27,24.3360470925
2012-09-28,23.830690455000003
2012-10-01,23.561762152500002
2012-10-02,23.6181906675
2012-10-03,23.990690295000004
2012-10-04,23.8142619
2012-10-05,23.3089052625
2012-10-08,22.791762922500002
2012-10-09,22.708905862500004
2012-10-10,22.8896199675
2012-10-11,22.432120425000004
2012-10-12,22.48426323
2012-10-15,22.669977330000002
2012-10-16,23.200333942500002
2012-10-17,23.02426269
2012-10-18,22.589620267500003
2012-10-19,21.77854965
2012-10-22,22.6439059275
2012-10-23,21.906763807500003
2012-10-24,22.017120840000004
2012-10-25,21.77854965
2012-10-26,21.571407
2012-10-31,21.253550175
2012-11-01,21.3142644
2012-11-02,20.5953365475
2012-11-05,20.8856934
2012-11-06,20.816407755000004
2012-11-07,19.9281943575
2012-11-08,19.187837955000003
2012-11-09,19.537837605
2012-11-12,19.3889091825
2012-11-13,19.378194907500003
2012-11-14,19.1760522525
2012-11-15,18.7874812125
2012-11-16,18.84712401
2012-11-19,20.229979770000003
2012-11-20,20.0410513875
2012-11-21,20.060694225000002
2012-11-23,20.419622437500003
2012-11-26,21.0453360975
2012-11-27,20.8889076825
2012-11-28,20.819264895000003
2012-11-29,21.04855038
2012-11-30,20.90283624
2012-12-03,20.933550495000002
2012-12-04,20.566050862500003
2012-12-05,19.2431950425
2012-12-06,19.545694740000002
2012-12-07,19.038552390000003
2012-12-10,18.9203382225
2012-12-11,19.321409250000002
2012-12-12,19.2417664725
2012-12-13,18.917481082500004
2012-12-14,18.177481822500003
2012-12-17,18.5417671725
2012-12-18,19.0714095
2012-12-19,18.789266925000003
2012-12-20,18.642124215000003
2012-12-21,18.5474814525
2012-12-24,18.569981430000002
2012-12-26,18.324981675000004
2012-12-27,18.394981604999998
2012-12-28,18.193196092500003
2012-12-31,19.0367666775
2013-01-02,19.608194677500002
2013-01-03,19.372837770000004
2013-01-04,18.822124035
2013-01-07,18.71998128
2013-01-08,18.757481242500003
2013-01-09,18.467838675000003
2013-01-10,18.70283844
2013-01-11,18.582124274999998
2013-01-14,17.9196249375
2013-01-15,17.354268360000003
2013-01-16,18.0746247825
2013-01-17,17.952839190000002
2013-01-18,17.857125
2013-01-22,18.027481972500002
2013-01-23,18.3631959225
2013-01-24,16.088198197500002
2013-01-25,15.709984290000001
2013-01-28,16.0553410875
2013-01-29,16.3667693475
2013-01-30,16.315340827500002
2013-01-31,16.2610551675
2013-02-01,16.204626652500004
2013-02-04,15.7931984925
2013-02-05,16.3524836475
2013-02-06,16.3339122375
2013-02-07,16.7231975625
2013-02-08,16.963554465
2013-02-11,17.1403400025
2013-02-12,16.708554720000002
2013-02-13,16.6789118925
2013-02-14,16.6639119075
2013-02-15,16.437483562500002
2013-02-19,16.428197857500002
2013-02-20,16.038198247500002
2013-02-21,15.931055497500001
2013-02-22,16.100341042500002
2013-02-25,15.814269900000001
2013-02-26,16.032126825
2013-02-27,15.8774841225
2013-02-28,15.764269950000001
2013-03-01,15.3753417675
2013-03-04,15.0017707125
2013-03-05,15.398913172500002
2013-03-06,15.2017705125
2013-03-07,15.371413200000001
2013-03-08,15.418556010000001
2013-03-11,15.638198647500001
2013-03-12,15.3010561275
2013-03-13,15.298198987500003
2013-03-14,15.443913127500002
2013-03-15,15.851769862500003
2013-03-18,16.275698010000003
2013-03-19,16.231769482500003
2013-03-20,16.14569814
2013-03-21,16.168912402500002
2013-03-22,16.4939120775
2013-03-25,16.556412015
2013-03-26,16.46712639
2013-03-27,16.14569814
2013-03-28,15.808198477500001
2013-04-01,15.318198967500003
2013-04-02,15.353556075
2013-04-03,15.423198862500001
2013-04-04,15.275699010000002
2013-04-05,15.113199172500002
2013-04-08,15.221770492500001
2013-04-09,15.249270465000002
2013-04-10,15.560341582500001
2013-04-11,15.5142702
2013-04-12,15.349984650000001
2013-04-15,14.994627862500002
2013-04-16,15.222841920000002
2013-04-17,14.385699900000002
2013-04-18,13.99855743
2013-04-19,13.946414625000001
2013-04-22,14.238200047500001
2013-04-23,14.499985500000001
2013-04-24,14.487842655000001
2013-04-25,14.584985415
2013-04-26,14.896770817500002
2013-04-29,15.361413210000002
2013-04-30,15.8124841875
2013-05-01,15.688912882500002
2013-05-02,15.91141266
2013-05-03,16.070698215000004
2013-05-06,16.4539121175
2013-05-07,16.381769332500003
2013-05-08,16.56569772
2013-05-09,16.3131979725
2013-05-10,16.1774838225
2013-05-13,16.240698045000002
2013-05-14,15.852127005000002
2013-05-15,15.320698965000002
2013-05-16,15.5189130525
2013-05-17,15.473555955
2013-05-20,15.812127045000002
2013-05-21,15.702127155000003
2013-05-22,15.763555665000002
2013-05-23,15.790698495
2013-05-24,15.8981983875
2013-05-28,15.76569852
2013-05-29,15.891055537500002
2013-05-30,16.1281981575
2013-05-31,16.059983940000002
2013-06-03,16.097126760000002
2013-06-04,16.0467696675
2013-06-05,15.896769817500001
2013-06-06,15.659270055
2013-06-07,15.78426993
2013-06-10,15.6746271825
2013-06-11,15.628555800000003
2013-06-12,15.435341707500001
2013-06-13,15.571413000000002
2013-06-14,15.358913212500001
2013-06-17,15.428556
2013-06-18,15.4203417225
2013-06-19,15.107127750000002
2013-06-20,14.87998512
2013-06-21,14.774270940000001
2013-06-24,14.367485632500001
2013-06-25,14.3796284775
2013-06-26,14.216771497500002
2013-06-27,14.063557365
2013-06-28,14.14570014
2013-07-01,14.614985385000002
2013-07-02,14.9467707675
2013-07-03,15.028556400000001
2013-07-05,14.907842235000002
2013-07-08,14.823199462500002
2013-07-09,15.075699210000002
2013-07-10,15.026056402500002
2013-07-11,15.258556170000002
2013-07-12,15.2324847675
2013-07-15,15.265699020000001
2013-07-16,15.367484632500002
2013-07-17,15.3681989175
2013-07-18,15.417484582500002
2013-07-19,15.178556250000002
2013-07-22,15.225341917500002
2013-07-23,14.963913607500002
2013-07-24,15.736055692500003
2013-07-25,15.660698625000002
2013-07-26,15.749627107500002
2013-07-29,15.992484007500002
2013-07-30,16.18998381
2013-07-31,16.160698125
2013-08-01,16.312840830000003
2013-08-02,16.519269195000003
2013-08-05,16.7660546625
2013-08-06,16.6160548125
2013-08-07,16.606411965000003
2013-08-08,16.4646263925
2013-08-09,16.2303409125
2013-08-12,16.69141188
2013-08-13,17.484625372500002
2013-08-14,17.803553625000003
2013-08-15,17.789267925
2013-08-16,17.940339202500002
2013-08-19,18.133553295000002
2013-08-20,17.8953392475
2013-08-21,17.943910627500003
2013-08-22,17.96283918
2013-08-23,17.893553535000002
2013-08-26,17.963196322500004
2013-08-27,17.432839710000003
2013-08-28,17.5239110475
2013-08-29,17.5617681525
2013-08-30,17.394625462500002
2013-09-03,17.449268265
2013-09-04,17.812839330000003
2013-09-05,17.6881965975
2013-09-06,17.793553635000002
2013-09-09,18.077839065000003
2013-09-10,17.6660537625
2013-09-11,16.708197577500002
2013-09-12,16.8817688325
2013-09-13,16.603554825
2013-09-16,16.075698210000002
2013-09-17,16.256412315000002
2013-09-18,16.5946262625
2013-09-19,16.867840275000002
2013-09-20,16.677840465000003
2013-09-23,17.526053902500003
2013-09-24,17.467839675000004
2013-09-25,17.1974828025
2013-09-26,17.364982635000004
2013-09-27,17.2410541875
2013-09-30,17.026768687500002
2013-10-01,17.4296254275
2013-10-02,17.485696800000003
2013-10-03,17.263911307500003
2013-10-04,17.251054177500002
2013-10-07,17.419625437500002
2013-10-08,17.176411395000002
2013-10-09,17.367839775
2013-10-10,17.496411075
2013-10-11,17.607125250000003
2013-10-14,17.715696570000002
2013-10-15,17.809982190000003
2013-10-16,17.897124960000003
2013-10-17,18.023553405
2013-10-18,18.1767675375
2013-10-21,18.617838525
2013-10-22,18.565338577500004
2013-10-23,18.748552680000003
2013-10-24,18.997838145000003
2013-10-25,18.792838350000004
2013-10-28,18.906409665
2013-10-29,18.464981535
2013-10-30,18.747838395000002
2013-10-31,18.655338487500003
2013-11-01,18.572838570000002
2013-11-04,18.8124811875
2013-11-05,18.772124085
2013-11-06,18.602124255000003
2013-11-07,18.3039102675
2013-11-08,18.592838550000003
2013-11-11,18.5460528825
2013-11-12,18.5717671425
2013-11-13,18.598195687500002
2013-11-14,18.862838280000002
2013-11-15,18.752838390000004
2013-11-18,18.523195762500002
2013-11-19,18.552481447500003
2013-11-20,18.392838750000003
2013-11-21,18.607481392500002
2013-11-22,18.56426715
2013-11-25,18.704981295000003
2013-11-26,19.049980950000002
2013-11-27,19.49855193
2013-11-29,19.859622997500004
2013-12-02,19.686766027500003
2013-12-03,20.227122630000004
2013-12-04,20.17855125
2013-12-05,20.284622572500002
2013-12-06,20.000694285
2013-12-09,20.2296226275
2013-12-10,20.1981940875
2013-12-11,20.048551380000003
2013-12-12,20.019265695
2013-12-13,19.8010516275
2013-12-16,19.910694375000002
2013-12-17,19.821051607500003
2013-12-18,19.6703374725
2013-12-19,19.444980555000004
2013-12-20,19.596408975000003
2013-12-23,20.360336782500003
2013-12-24,20.2739082975
2013-12-26,20.139265575
2013-12-27,20.003194282500004
2013-12-30,19.80426591
2013-12-31,20.039622817500003
2014-01-02,19.754623102500002
2014-01-03,19.320694965
2014-01-06,19.4260520025
2014-01-07,19.290337852500002
2014-01-08,19.409266305000003
2014-01-09,19.159623697500002
2014-01-10,19.033552395000005
2014-01-13,19.1331951525
2014-01-14,19.5139090575
2014-01-15,19.9060515225
2014-01-16,19.7946230625
2014-01-17,19.307123550000004
2014-01-21,19.609623247500004
2014-01-22,19.6967660175
2014-01-23,19.863551564999998
2014-01-24,19.502480497500002
2014-01-27,19.660694625
2014-01-28,18.105339037500002
2014-01-29,17.877482122500002
2014-01-30,17.837125020000002
2014-01-31,17.878553550000003
2014-02-03,17.9117678025
2014-02-04,18.171053257500002
2014-02-05,18.306767407500004
2014-02-06,18.3039102675
2014-02-07,18.5696242875
2014-02-10,18.892481107500004
2014-02-11,19.141409430000003
2014-02-12,19.13998086
2014-02-13,19.4439091275
2014-02-14,19.428194857500003
2014-02-18,19.499623357500003
2014-02-19,19.1917665225
2014-02-20,18.9696238875
2014-02-21,18.7589098125
2014-02-24,18.8410525875
2014-02-25,18.644981355
2014-02-26,18.476767237500002
2014-02-27,18.8453382975
2014-02-28,18.794266920000002
2014-03-03,18.84855258
2014-03-04,18.972838170000003
2014-03-05,19.012838130000002
2014-03-06,18.9553381875
2014-03-07,18.944266770000002
2014-03-10,18.96140961
2014-03-11,19.1460522825
2014-03-12,19.1646236925
2014-03-13,18.9517667625
2014-03-14,18.7381955475
2014-03-17,18.812124045
2014-03-18,18.978552450000002
2014-03-19,18.973552455
2014-03-20,18.882123975000003
2014-03-21,19.0310523975
2014-03-24,19.253552175000003
2014-03-25,19.4639091075
2014-03-26,19.277837865000002
2014-03-27,19.194980805000004
2014-03-28,19.173552255
2014-03-31,19.169266545000003
2014-04-01,19.347837795
2014-04-02,19.3767663375
2014-04-03,19.2424807575
2014-04-04,18.993552435000005
2014-04-07,18.695338447500003
2014-04-08,18.694267020000005
2014-04-09,18.939266775
2014-04-10,18.695695590000003
2014-04-11,18.557481442500002
2014-04-14,18.63140994
2014-04-15,18.498195787500002
2014-04-16,18.536052892500003
2014-04-17,18.747838395000002
2014-04-21,18.9703381725
2014-04-22,18.988909582500003
2014-04-23,18.7410526875
2014-04-24,20.2774797225
2014-04-25,20.426408145000003
2014-04-28,21.217478782500002
2014-04-29,21.154621702500002
2014-04-30,21.074621782500003
2014-05-01,21.124264590000003
2014-05-02,21.163550265000005
2014-05-05,21.46283568
2014-05-06,21.2289073425
2014-05-07,21.154621702500002
2014-05-08,21.00426471
2014-05-09,20.9124790875
2014-05-12,21.172478827500004
2014-05-13,21.205693080000003
2014-05-14,21.2096216475
2014-05-15,21.029264685000005
2014-05-16,21.339621517500003
2014-05-19,21.592478407500003
2014-05-20,21.5910498375
2014-05-21,21.6539069175
2014-05-22,21.689264025
2014-05-23,21.9331923525
2014-05-27,22.346763367500003
2014-05-28,22.2860491425
2014-05-29,22.692120165000002
2014-05-30,22.60712025
2014-06-02,22.451763262500002
2014-06-03,22.769262945
2014-06-04,23.029262685000003
2014-06-05,23.119619737500003
2014-06-06,23.056048372500005
2014-06-09,23.425
2014-06-10,23.5625
2014-06-11,23.465
2014-06-12,23.065
2014-06-13,22.82
2014-06-16,23.05
2014-06-17,23.02
2014-06-18,23.045
2014-06-19,22.965
2014-06-20,22.7275
2014-06-23,22.7075
2014-06-24,22.57
2014-06-25,22.59
2014-06-26,22.725
2014-06-27,22.995
2014-06-30,23.2325
2014-07-01,23.38
2014-07-02,23.37
2014-07-03,23.525
2014-07-07,23.9925
2014-07-08,23.83
2014-07-09,23.8475
2014-07-10,23.75875
2014-07-11,23.8075
2014-07-14,24.1125
2014-07-15,23.83
2014-07-16,23.695
2014-07-17,23.27
2014-07-18,23.6075
2014-07-21,23.4875
2014-07-22,23.68
2014-07-23,24.2975
2014-07-24,24.2575
2014-07-25,24.4225
2014-07-28,24.755
2014-07-29,24.595
2014-07-30,24.5325
2014-07-31,23.8925
2014-08-01,24.0325
2014-08-04,23.8975
2014-08-05,23.78
2014-08-06,23.7425
2014-08-07,23.62
2014-08-08,23.685
2014-08-11,23.9975
2014-08-12,23.9925
2014-08-13,24.31
2014-08-14,24.375
2014-08-15,24.495
2014-08-18,24.79
2014-08-19,25.14
2014-08-20,25.1425
2014-08-21,25.145
2014-08-22,25.3275
2014-08-25,25.385
2014-08-26,25.2225
2014-08-27,25.5325
2014-08-28,25.5625
2014-08-29,25.625
2014-09-02,25.825
2014-09-03,24.735
2014-09-04,24.53
2014-09-05,24.7425
2014-09-08,24.59
2014-09-09,24.4975
2014-09-10,25.25
2014-09-11,25.3575
2014-09-12,25.415
2014-09-15,25.4075
2014-09-16,25.215
2014-09-17,25.395
2014-09-18,25.4475
2014-09-19,25.24
2014-09-22,25.265
2014-09-23,25.66
2014-09-24,25.4375
2014-09-25,24.4675
2014-09-26,25.1875
2014-09-29,25.0275
2014-09-30,25.1875
2014-10-01,24.795
2014-10-02,24.975
2014-10-03,24.905
2014-10-06,24.905
2014-10-07,24.6875
2014-10-08,25.2
2014-10-09,25.255
2014-10-10,25.1825
2014-10-13,24.9525
2014-10-14,24.6875
2014-10-15,24.385
2014-10-16,24.065
2014-10-17,24.4175
2014-10-20,24.94
2014-10-21,25.6175
2014-10-22,25.7475
2014-10-23,26.2075
2014-10-24,26.305
2014-10-27,26.2775
2014-10-28,26.685
2014-10-29,26.835
2014-10-30,26.745
2014-10-31,27.0
2014-11-03,27.35
2014-11-04,27.15
2014-11-05,27.215
2014-11-06,27.175
2014-11-07,27.2525
2014-11-10,27.2075
2014-11-11,27.425
2014-11-12,27.8125
2014-11-13,28.205
2014-11-14,28.545
2014-11-17,28.4975
2014-11-18,28.8675
2014-11-19,28.6675
2014-11-20,29.0775
2014-11-21,29.1175
2014-11-24,29.65625
2014-11-25,29.4
2014-11-26,29.75
2014-11-28,29.7325
2014-12-01,28.7675
2014-12-02,28.6575
2014-12-03,28.9825
2014-12-04,28.8725
2014-12-05,28.75
2014-12-08,28.1
2014-12-09,28.53
2014-12-10,27.9875
2014-12-11,27.905
2014-12-12,27.4325
2014-12-15,27.05625
2014-12-16,26.68625
2014-12-17,27.3525
2014-12-18,28.1625
2014-12-19,27.945
2014-12-22,28.235
2014-12-23,28.135
2014-12-24,28.0025
2014-12-26,28.4975
2014-12-29,28.4775
2014-12-30,28.13
2014-12-31,27.595
2015-01-02,27.3325
2015-01-05,26.5625
2015-01-06,26.565
2015-01-07,26.9375
2015-01-08,27.9725
2015-01-09,28.0025
2015-01-12,27.3125
2015-01-13,27.555
2015-01-14,27.45
2015-01-15,26.705
2015-01-16,26.4975
2015-01-20,27.18
2015-01-21,27.3875
2015-01-22,28.1
2015-01-23,28.245
2015-01-26,28.275
2015-01-27,27.285
2015-01-28,28.8275
2015-01-29,29.725
2015-01-30,29.29
2015-02-02,29.6575
2015-02-03,29.6625
2015-02-04,29.89
2015-02-05,29.985
2015-02-06,29.7325
2015-02-09,29.93
2015-02-10,30.505
2015-02-11,31.22
2015-02-12,31.615
2015-02-13,31.77
2015-02-17,31.9575
2015-02-18,32.17875
2015-02-19,32.1125
2015-02-20,32.37375
2015-02-23,33.25
2015-02-24,33.0425
2015-02-25,32.1975
2015-02-26,32.60375
2015-02-27,32.115
2015-03-02,32.2725
2015-03-03,32.34
2015-03-04,32.135
2015-03-05,31.6025
2015-03-06,31.65
2015-03-09,31.785
2015-03-10,31.1275
2015-03-11,30.56
2015-03-12,31.1125
2015-03-13,30.8975
2015-03-16,31.2375
2015-03-17,31.76
2015-03-18,32.1175
2015-03-19,31.87375
2015-03-20,31.475
2015-03-23,31.8025
2015-03-24,31.6725
2015-03-25,30.845
2015-03-26,31.06
2015-03-27,30.8125
2015-03-30,31.5925
2015-03-31,31.1075
2015-04-01,31.0625
2015-04-02,31.33
2015-04-06,31.8375
2015-04-07,31.5025
2015-04-08,31.4
2015-04-09,31.64
2015-04-10,31.775
2015-04-13,31.7125
2015-04-14,31.575
2015-04-15,31.695
2015-04-16,31.5425
2015-04-17,31.1875
2015-04-20,31.9
2015-04-21,31.7275
2015-04-22,32.155
2015-04-23,32.4175
2015-04-24,32.57
2015-04-27,33.1625
2015-04-28,32.64
2015-04-29,32.16
2015-04-30,31.2875
2015-05-01,32.2375
2015-05-04,32.175
2015-05-05,31.45
2015-05-06,31.2525
2015-05-07,31.315
2015-05-08,31.905
2015-05-11,31.58
2015-05-12,31.46625
2015-05-13,31.5025
2015-05-14,32.2375
2015-05-15,32.1925
2015-05-18,32.5475
2015-05-19,32.5175
2015-05-20,32.515
2015-05-21,32.8475
2015-05-22,33.135
2015-05-26,32.405
2015-05-27,33.01125
2015-05-28,32.945
2015-05-29,32.57
2015-06-01,32.63375
2015-06-02,32.49
2015-06-03,32.53
2015-06-04,32.34
2015-06-05,32.1625
2015-06-08,31.95
2015-06-09,31.855
2015-06-10,32.22
2015-06-11,32.1475
2015-06-12,31.7925
2015-06-15,31.73
2015-06-16,31.9
2015-06-17,31.825
2015-06-18,31.97
2015-06-19,31.65
2015-06-22,31.9025
2015-06-23,31.7575
2015-06-24,32.0275
2015-06-25,31.875
2015-06-26,31.6875
2015-06-29,31.1325
2015-06-30,31.35625
2015-07-01,31.65
2015-07-02,31.61
2015-07-06,31.5
2015-07-07,31.4225
2015-07-08,30.6425
2015-07-09,30.0175
2015-07-10,30.82
2015-07-13,31.415
2015-07-14,31.4025
2015-07-15,31.705
2015-07-16,32.1275
2015-07-17,32.405
2015-07-20,33.0175
2015-07-21,32.6875
2015-07-22,31.305
2015-07-23,31.29
2015-07-24,31.125
2015-07-27,30.6925
2015-07-28,30.845
2015-07-29,30.7475
2015-07-30,30.5925
2015-07-31,30.325
2015-08-03,29.61
2015-08-04,28.66
2015-08-05,28.85
2015-08-06,28.7825
2015-08-07,28.88
2015-08-10,29.93
2015-08-11,28.3725
2015-08-12,28.81
2015-08-13,28.7875
2015-08-14,28.99
2015-08-17,29.29
2015-08-18,29.125
2015-08-19,28.7525
2015-08-20,28.1625
2015-08-21,26.44
2015-08-24,25.78
2015-08-25,25.935
2015-08-26,27.4225
2015-08-27,28.23
2015-08-28,28.3225
2015-08-31,28.19
2015-09-01,26.93
2015-09-02,28.085
2015-09-03,27.5925
2015-09-04,27.3175
2015-09-08,28.0775
2015-09-09,27.5375
2015-09-10,28.1425
2015-09-11,28.5525
2015-09-14,28.8275
2015-09-15,29.07
2015-09-16,29.1025
2015-09-17,28.48
2015-09-18,28.3625
2015-09-21,28.8025
2015-09-22,28.35
2015-09-23,28.58
2015-09-24,28.75
2015-09-25,28.6775
2015-09-28,28.11
2015-09-29,27.265
2015-09-30,27.575
2015-10-01,27.395
2015-10-02,27.595
2015-10-05,27.695
2015-10-06,27.8275
2015-10-07,27.695
2015-10-08,27.375
2015-10-09,28.03
2015-10-12,27.9
2015-10-13,27.9475
2015-10-14,27.5525
2015-10-15,27.965
2015-10-16,27.76
2015-10-19,27.9325
2015-10-20,28.4425
2015-10-21,28.44
2015-10-22,28.875
2015-10-23,29.77
2015-10-26,28.82
2015-10-27,28.6375
2015-10-28,29.8175
2015-10-29,30.1325
2015-10-30,29.875
2015-11-02,30.295
2015-11-03,30.6425
2015-11-04,30.5
2015-11-05,30.23
2015-11-06,30.265
2015-11-09,30.1425
2015-11-10,29.1925
2015-11-11,29.0275
2015-11-12,28.93
2015-11-13,28.085
2015-11-16,28.54375
2015-11-17,28.4225
2015-11-18,29.3225
2015-11-19,29.695
2015-11-20,29.825
2015-11-23,29.4375
2015-11-24,29.72
2015-11-25,29.5075
2015-11-27,29.4525
2015-11-30,29.575
2015-12-01,29.335
2015-12-02,29.07
2015-12-03,28.8
2015-12-04,29.7575
2015-12-07,29.57
2015-12-08,29.5575
2015-12-09,28.905
2015-12-10,29.0425
2015-12-11,28.295
2015-12-14,28.12
2015-12-15,27.6225
2015-12-16,27.835
2015-12-17,27.245
2015-12-18,26.5075
2015-12-21,26.8325
2015-12-22,26.8075
2015-12-23,27.1525
2015-12-24,27.0075
2015-12-28,26.705
2015-12-29,27.185
2015-12-30,26.83
2015-12-31,26.315
2016-01-04,26.3375
2016-01-05,25.6775
2016-01-06,25.175
2016-01-07,24.1125
2016-01-08,24.24
2016-01-11,24.6325
2016-01-12,24.99
2016-01-13,24.3475
2016-01-14,24.88
2016-01-15,24.2825
2016-01-19,24.165
2016-01-20,24.1975
2016-01-21,24.075
2016-01-22,25.355
2016-01-25,24.86
2016-01-26,24.9975
2016-01-27,23.355
2016-01-28,23.5225
2016-01-29,24.335
2016-02-01,24.1075
2016-02-02,23.62
2016-02-03,24.0875
2016-02-04,24.15
2016-02-05,23.505
2016-02-08,23.7525
2016-02-09,23.7475
2016-02-10,23.5675
2016-02-11,23.425
2016-02-12,23.4975
2016-02-16,24.16
2016-02-17,24.53
2016-02-18,24.065
2016-02-19,24.01
2016-02-22,24.22
2016-02-23,23.6725
2016-02-24,24.025
2016-02-25,24.19
2016-02-26,24.2275
2016-02-29,24.1725
2016-03-01,25.1325
2016-03-02,25.1875
2016-03-03,25.375
2016-03-04,25.7525
2016-03-07,25.4675
2016-03-08,25.2575
2016-03-09,25.28
2016-03-10,25.2925
2016-03-11,25.565
2016-03-14,25.63
2016-03-15,26.145
2016-03-16,26.4925
2016-03-17,26.45
2016-03-18,26.48
2016-03-21,26.4775
2016-03-22,26.68
2016-03-23,26.5325
2016-03-24,26.4175
2016-03-28,26.2975
2016-03-29,26.92
2016-03-30,27.39
2016-03-31,27.2475
2016-04-01,27.4975
2016-04-04,27.78
2016-04-05,27.4525
2016-04-06,27.74
2016-04-07,27.135
2016-04-08,27.165
2016-04-11,27.255
2016-04-12,27.61
2016-04-13,28.01
2016-04-14,28.025
2016-04-15,27.4625
2016-04-18,26.87
2016-04-19,26.7275
2016-04-20,26.7825
2016-04-21,26.4925
2016-04-22,26.42
2016-04-25,26.27
2016-04-26,26.0875
2016-04-27,24.455
2016-04-28,23.7075
2016-04-29,23.435
2016-05-02,23.41
2016-05-03,23.795
2016-05-04,23.5475
2016-05-05,23.31
2016-05-06,23.18
2016-05-09,23.1975
2016-05-10,23.355
2016-05-11,23.1275
2016-05-12,22.585
2016-05-13,22.63
2016-05-16,23.47
2016-05-17,23.3725
2016-05-18,23.64
2016-05-19,23.55
2016-05-20,23.805
2016-05-23,24.1075
2016-05-24,24.475
2016-05-25,24.905
2016-05-26,25.1025
2016-05-27,25.0875
2016-05-31,24.965
2016-06-01,24.615
2016-06-02,24.43
2016-06-03,24.48
2016-06-06,24.6575
2016-06-07,24.7575
2016-06-08,24.735
2016-06-09,24.9125
2016-06-10,24.7075
2016-06-13,24.335
2016-06-14,24.365
2016-06-15,24.285
2016-06-16,24.3875
2016-06-17,23.8325
2016-06-20,23.775
2016-06-21,23.9775
2016-06-22,23.8875
2016-06-23,24.025
2016-06-24,23.35
2016-06-27,23.01
2016-06-28,23.3975
2016-06-29,23.6
2016-06-30,23.9
2016-07-01,23.9725
2016-07-05,23.7475
2016-07-06,23.8825
2016-07-07,23.985
2016-07-08,24.17
2016-07-11,24.245
2016-07-12,24.355
2016-07-13,24.2175
2016-07-14,24.6975
2016-07-15,24.695
2016-07-18,24.9575
2016-07-19,24.9675
2016-07-20,24.99
2016-07-21,24.8575
2016-07-22,24.665
2016-07-25,24.335
2016-07-26,24.1675
2016-07-27,25.7375
2016-07-28,26.085
2016-07-29,26.0525
2016-08-01,26.5125
2016-08-02,26.12
2016-08-03,26.4475
2016-08-04,26.4675
2016-08-05,26.87
2016-08-08,27.0925
2016-08-09,27.2025
2016-08-10,27.0
2016-08-11,26.9825
2016-08-12,27.045
2016-08-15,27.37
2016-08-16,27.345
2016-08-17,27.305
2016-08-18,27.27
2016-08-19,27.34
2016-08-22,27.1275
2016-08-23,27.2125
2016-08-24,27.0075
2016-08-25,26.8925
2016-08-26,26.735
2016-08-29,26.705
2016-08-30,26.5
2016-08-31,26.525
2016-09-01,26.6825
2016-09-02,26.9325
2016-09-06,26.925
2016-09-07,27.09
2016-09-08,26.38
2016-09-09,25.7825
2016-09-12,26.36
2016-09-13,26.9875
2016-09-14,27.9425
2016-09-15,28.8925
2016-09-16,28.73
2016-09-19,28.395
2016-09-20,28.3925
2016-09-21,28.3875
2016-09-22,28.655
2016-09-23,28.1775
2016-09-26,28.22
2016-09-27,28.2725
2016-09-28,28.4875
2016-09-29,28.045
2016-09-30,28.2625
2016-10-03,28.13
2016-10-04,28.25
2016-10-05,28.2625
2016-10-06,28.4725
2016-10-07,28.515
2016-10-10,29.0125
2016-10-11,29.075
2016-10-12,29.335
2016-10-13,29.245
2016-10-14,29.4075
2016-10-17,29.3875
2016-10-18,29.3675
2016-10-19,29.28
2016-10-20,29.265
2016-10-21,29.15
2016-10-24,29.4125
2016-10-25,29.5625
2016-10-26,28.8975
2016-10-27,28.62
2016-10-28,28.43
2016-10-31,28.385
2016-11-01,27.8725
2016-11-02,27.8975
2016-11-03,27.4575
2016-11-04,27.21
2016-11-07,27.6025
2016-11-08,27.765
2016-11-09,27.72
2016-11-10,26.9475
2016-11-11,27.1075
2016-11-14,26.4275
2016-11-15,26.7775
2016-11-16,27.4975
2016-11-17,27.4875
2016-11-18,27.515
2016-11-21,27.9325
2016-11-22,27.95
2016-11-23,27.8075
2016-11-25,27.9475
2016-11-28,27.8925
2016-11-29,27.865
2016-11-30,27.63
2016-12-01,27.3725
2016-12-02,27.475
2016-12-05,27.2775
2016-12-06,27.4875
2016-12-07,27.7575
2016-12-08,28.03
2016-12-09,28.4875
2016-12-12,28.325
2016-12-13,28.7975
2016-12-14,28.7975
2016-12-15,28.955
2016-12-16,28.9925
2016-12-19,29.16
2016-12-20,29.2375
2016-12-21,29.265
2016-12-22,29.0725
2016-12-23,29.13
2016-12-27,29.315
2016-12-28,29.19
2016-12-29,29.1825
2016-12-30,28.955
2017-01-03,29.0375
2017-01-04,29.005
2017-01-05,29.1525
2017-01-06,29.4775
2017-01-09,29.7475
2017-01-10,29.7775
2017-01-11,29.9375
2017-01-12,29.8125
2017-01-13,29.76
2017-01-17,30.0
2017-01-18,29.9975
2017-01-19,29.945
2017-01-20,30.0
2017-01-23,30.02
2017-01-24,29.9925
2017-01-25,30.47
2017-01-26,30.485
2017-01-27,30.4875
2017-01-30,30.4075
2017-01-31,30.3375
2017-02-01,32.1875
2017-02-02,32.1325
2017-02-03,32.27
2017-02-06,32.5725
2017-02-07,32.8825
2017-02-08,33.01
2017-02-09,33.105
2017-02-10,33.03
2017-02-13,33.3225
2017-02-14,33.755
2017-02-15,33.8775
2017-02-16,33.83625
2017-02-17,33.93
2017-02-21,34.175
2017-02-22,34.2775
2017-02-23,34.1325
2017-02-24,34.165
2017-02-27,34.2325
2017-02-28,34.2475
2017-03-01,34.9475
2017-03-02,34.74
2017-03-03,34.945
2017-03-06,34.835
2017-03-07,34.88
2017-03-08,34.75
2017-03-09,34.67
2017-03-10,34.785
2017-03-13,34.8
2017-03-14,34.7475
2017-03-15,35.115
2017-03-16,35.1725
2017-03-17,34.9975
2017-03-20,35.365
2017-03-21,34.96
2017-03-22,35.355
2017-03-23,35.23
2017-03-24,35.16
2017-03-27,35.22
2017-03-28,35.95
2017-03-29,36.03
2017-03-30,35.9825
2017-03-31,35.915
2017-04-03,35.925
2017-04-04,36.1925
2017-04-05,36.005
2017-04-06,35.915
2017-04-07,35.835
2017-04-10,35.7925
2017-04-11,35.4075
2017-04-12,35.45
2017-04-13,35.2625
2017-04-17,35.4575
2017-04-18,35.3
2017-04-19,35.17
2017-04-20,35.61
2017-04-21,35.5675
2017-04-24,35.91
2017-04-25,36.1325
2017-04-26,35.92
2017-04-27,35.9475
2017-04-28,35.9125
2017-05-01,36.645
2017-05-02,36.8775
2017-05-03,36.765
2017-05-04,36.6325
2017-05-05,37.24
2017-05-08,38.2525
2017-05-09,38.4975
2017-05-10,38.315
2017-05-11,38.4875
2017-05-12,39.025
2017-05-15,38.925
2017-05-16,38.8675
2017-05-17,37.5625
2017-05-18,38.135
2017-05-19,38.265
2017-05-22,38.4975
2017-05-23,38.45
2017-05-24,38.335
2017-05-25,38.4675
2017-05-26,38.4025
2017-05-30,38.4175
2017-05-31,38.19
2017-06-01,38.295
2017-06-02,38.8625
2017-06-05,38.4825
2017-06-06,38.6125
2017-06-07,38.8425
2017-06-08,38.7475
2017-06-09,37.245
2017-06-12,36.355
2017-06-13,36.6475
2017-06-14,36.29
2017-06-15,36.0725
2017-06-16,35.5675
2017-06-19,36.585
2017-06-20,36.2525
2017-06-21,36.4675
2017-06-22,36.4075
2017-06-23,36.57
2017-06-26,36.455
2017-06-27,35.9325
2017-06-28,36.4575
2017-06-29,35.92
2017-06-30,36.005
2017-07-03,35.875
2017-07-05,36.0225
2017-07-06,35.6825
2017-07-07,36.045
2017-07-10,36.265
2017-07-11,36.3825
2017-07-12,36.435
2017-07-13,36.9425
2017-07-14,37.26
2017-07-17,37.39
2017-07-18,37.52
2017-07-19,37.755
2017-07-20,37.585
2017-07-21,37.5675
2017-07-24,38.0225
2017-07-25,38.185
2017-07-26,38.365
2017-07-27,37.64
2017-07-28,37.375
2017-07-31,37.1825
2017-08-01,37.5125
2017-08-02,39.285
2017-08-03,38.8925
2017-08-04,39.0975
2017-08-07,39.7025
2017-08-08,40.02
2017-08-09,40.265
2017-08-10,38.83
2017-08-11,39.37
2017-08-14,39.9625
2017-08-15,40.4
2017-08-16,40.2375
2017-08-17,39.465
2017-08-18,39.375
2017-08-21,39.3025
2017-08-22,39.945
2017-08-23,39.995
2017-08-24,39.8175
2017-08-25,39.965
2017-08-28,40.3675
2017-08-29,40.7275
2017-08-30,40.8375
2017-08-31,41.0
2017-09-01,41.0125
2017-09-05,40.52
2017-09-06,40.4775
2017-09-07,40.315
2017-09-08,39.6575
2017-09-11,40.375
2017-09-12,40.215
2017-09-13,39.9125
2017-09-14,39.57
2017-09-15,39.97
2017-09-18,39.6675
2017-09-19,39.6825
2017-09-20,39.0175
2017-09-21,38.3475
2017-09-22,37.9725
2017-09-25,37.6375
2017-09-26,38.285
2017-09-27,38.5575
2017-09-28,38.32
2017-09-29,38.53
2017-10-02,38.4525
2017-10-03,38.62
2017-10-04,38.37
2017-10-05,38.8475
2017-10-06,38.825
2017-10-09,38.96
2017-10-10,38.975
2017-10-11,39.1375
2017-10-12,39.0
2017-10-13,39.2475
2017-10-16,39.97
2017-10-17,40.1175
2017-10-18,39.94
2017-10-19,38.995
2017-10-20,39.0625
2017-10-23,39.0425
2017-10-24,39.275
2017-10-25,39.1025
2017-10-26,39.3525
2017-10-27,40.7625
2017-10-30,41.68
2017-10-31,42.26
2017-11-01,41.7225
2017-11-02,42.0275
2017-11-03,43.125
2017-11-06,43.5625
2017-11-07,43.7025
2017-11-08,44.06
2017-11-09,43.97
2017-11-10,43.6675
2017-11-13,43.4925
2017-11-14,42.835
2017-11-15,42.27
2017-11-16,42.775
2017-11-17,42.5375
2017-11-20,42.495
2017-11-21,43.285
2017-11-22,43.74
2017-11-24,43.7425
2017-11-27,43.5225
2017-11-28,43.2675
2017-11-29,42.37
2017-11-30,42.9625
2017-12-01,42.7625
2017-12-04,42.45
2017-12-05,42.41
2017-12-06,42.2525
2017-12-07,42.33
2017-12-08,42.3425
2017-12-11,43.1675
2017-12-12,42.925
2017-12-13,43.0675
2017-12-14,43.055
2017-12-15,43.4925
2017-12-18,44.105
2017-12-19,43.635
2017-12-20,43.5875
2017-12-21,43.7525
2017-12-22,43.7525
2017-12-26,42.6425
2017-12-27,42.65
2017-12-28,42.77
2017-12-29,42.3075
2018-01-02,43.065
2018-01-03,43.0575
2018-01-04,43.2575
2018-01-05,43.75
2018-01-08,43.5875
2018-01-09,43.5825
2018-01-10,43.5725
2018-01-11,43.82
2018-01-12,44.2725
2018-01-16,44.0475
2018-01-17,44.775
2018-01-18,44.815
2018-01-19,44.615
2018-01-22,44.25
2018-01-23,44.26
2018-01-24,43.555
2018-01-25,42.7775
2018-01-26,42.8775
2018-01-29,41.99
2018-01-30,41.7425
2018-01-31,41.8575
2018-02-01,41.945
2018-02-02,40.125
2018-02-05,39.1225
2018-02-06,40.7575
2018-02-07,39.885
2018-02-08,38.7875
2018-02-09,39.1025
2018-02-12,40.6775
2018-02-13,41.085
2018-02-14,41.8425
2018-02-15,43.2475
2018-02-16,43.1075
2018-02-20,42.9625
2018-02-21,42.7675
2018-02-22,43.125
2018-02-23,43.875
2018-02-26,44.7425
2018-02-27,44.5975
2018-02-28,44.53
2018-03-01,43.75
2018-03-02,44.0525
2018-03-05,44.205
2018-03-06,44.1675
2018-03-07,43.7575
2018-03-08,44.235
2018-03-09,44.995
2018-03-12,45.43
2018-03-13,44.9925
2018-03-14,44.61
2018-03-15,44.6625
2018-03-16,44.505
2018-03-19,43.825
2018-03-20,43.81
2018-03-21,42.8175
2018-03-22,42.2125
2018-03-23,41.235
2018-03-26,43.1925
2018-03-27,42.085
2018-03-28,41.62
2018-03-29,41.945
2018-04-02,41.67
2018-04-03,42.0975
2018-04-04,42.9025
2018-04-05,43.2
2018-04-06,42.095
2018-04-09,42.5125
2018-04-10,43.3125
2018-04-11,43.11
2018-04-12,43.535
2018-04-13,43.6825
2018-04-16,43.955
2018-04-17,44.56
2018-04-18,44.46
2018-04-19,43.2
2018-04-20,41.43
2018-04-23,41.31
2018-04-24,40.735
2018-04-25,40.9125
2018-04-26,41.055
2018-04-27,40.58
2018-04-30,41.315
2018-05-01,42.275
2018-05-02,44.1425
2018-05-03,44.2225
2018-05-04,45.9575
2018-05-07,46.29
2018-05-08,46.5125
2018-05-09,46.84
2018-05-10,47.51
2018-05-11,47.1475
2018-05-14,47.0375
2018-05-15,46.61
2018-05-16,47.045
2018-05-17,46.7475
2018-05-18,46.5775
2018-05-21,46.9075
2018-05-22,46.79
2018-05-23,47.09
2018-05-24,47.0375
2018-05-25,47.145
2018-05-29,46.975
2018-05-30,46.875
2018-05-31,46.7175
2018-06-01,47.56
2018-06-04,47.9575
2018-06-05,48.3275
2018-06-06,48.495
2018-06-07,48.365
2018-06-08,47.925
2018-06-11,47.8075
2018-06-12,48.07
2018-06-13,47.675
2018-06-14,47.7
2018-06-15,47.21
2018-06-18,47.185
2018-06-19,46.4225
2018-06-20,46.625
2018-06-21,46.365
2018-06-22,46.23
2018-06-25,45.5425
2018-06-26,46.1075
2018-06-27,46.04
2018-06-28,46.375
2018-06-29,46.2775
2018-07-02,46.795
2018-07-03,45.98
2018-07-05,46.35
2018-07-06,46.9925
2018-07-09,47.645
2018-07-10,47.5875
2018-07-11,46.97
2018-07-12,47.7575
2018-07-13,47.8325
2018-07-16,47.7275
2018-07-17,47.8625
2018-07-18,47.6
2018-07-19,47.97
2018-07-20,47.86
2018-07-23,47.9025
2018-07-24,48.25
2018-07-25,48.705
2018-07-26,48.5525
2018-07-27,47.745
2018-07-30,47.4775
2018-07-31,47.5725
2018-08-01,50.375
2018-08-02,51.8475
2018-08-03,51.9975
2018-08-06,52.2675
2018-08-07,51.7775
2018-08-08,51.8125
2018-08-09,52.22
2018-08-10,51.8825
2018-08-13,52.2175
2018-08-14,52.4375
2018-08-15,52.56
2018-08-16,53.33
2018-08-17,54.395
2018-08-20,53.865
2018-08-21,53.76
2018-08-22,53.7625
2018-08-23,53.8725
2018-08-24,54.04
2018-08-27,54.485
2018-08-28,54.925
2018-08-29,55.745
2018-08-30,56.2575
2018-08-31,56.9075
2018-09-04,57.09
2018-09-05,56.7175
2018-09-06,55.775
2018-09-07,55.325
2018-09-10,54.5825
2018-09-11,55.9625
2018-09-12,55.2675
2018-09-13,56.6025
2018-09-14,55.96
2018-09-17,54.47
2018-09-18,54.56
2018-09-19,54.5925
2018-09-20,55.0075
2018-09-21,54.415
2018-09-24,55.1975
2018-09-25,55.5475
2018-09-26,55.105
2018-09-27,56.2375
2018-09-28,56.435
2018-10-01,56.815
2018-10-02,57.32
2018-10-03,58.0175
2018-10-04,56.9975
2018-10-05,56.0725
2018-10-08,55.9425
2018-10-09,56.7175
2018-10-10,54.09
2018-10-11,53.6125
2018-10-12,55.5275
2018-10-15,54.34
2018-10-16,55.5375
2018-10-17,55.2975
2018-10-18,54.005
2018-10-19,54.8275
2018-10-22,55.1625
2018-10-23,55.6825
2018-10-24,53.7725
2018-10-25,54.95
2018-10-26,54.075
2018-10-29,53.06
2018-10-30,53.325
2018-10-31,54.715
2018-11-01,55.555
2018-11-02,51.87
2018-11-05,50.3975
2018-11-06,50.9425
2018-11-07,52.4875
2018-11-08,52.1225
2018-11-09,51.1175
2018-11-12,48.5425
2018-11-13,48.0575
2018-11-14,46.7
2018-11-15,47.8525
2018-11-16,48.3825
2018-11-19,46.465
2018-11-20,44.245
2018-11-21,44.195
2018-11-23,43.0725
2018-11-26,43.655
2018-11-27,43.56
2018-11-28,45.235
2018-11-29,44.8875
2018-11-30,44.645
2018-12-03,46.205
2018-12-04,44.1725
2018-12-06,43.68
2018-12-07,42.1225
2018-12-10,42.4
2018-12-11,42.1575
2018-12-12,42.275
2018-12-13,42.7375
2018-12-14,41.37
2018-12-17,40.985
2018-12-18,41.5175
2018-12-19,40.2225
2018-12-20,39.2075
2018-12-21,37.6825
2018-12-24,36.7075
2018-12-26,39.2925
2018-12-27,39.0375
2018-12-28,39.0575
2018-12-31,39.435
2019-01-02,39.48
2019-01-03,35.5475
2019-01-04,37.065
2019-01-07,36.9825
2019-01-08,37.6875
2019-01-09,38.3275
2019-01-10,38.45
2019-01-11,38.0725
2019-01-14,37.5
2019-01-15,38.2675
2019-01-16,38.735
2019-01-17,38.965
2019-01-18,39.205
2019-01-22,38.325
2019-01-23,38.48
2019-01-24,38.175
2019-01-25,39.44
2019-01-28,39.075
2019-01-29,38.67
2019-01-30,41.3125
2019-01-31,41.61
2019-02-01,41.63
2019-02-04,42.8125
2019-02-05,43.545
2019-02-06,43.56
2019-02-07,42.735
2019-02-08,42.6025
2019-02-11,42.3575
2019-02-12,42.7225
2019-02-13,42.545
2019-02-14,42.7
2019-02-15,42.605
2019-02-19,42.7325
2019-02-20,43.0075
2019-02-21,42.765
2019-02-22,43.2425
2019-02-25,43.5575
2019-02-26,43.5825
2019-02-27,43.7175
2019-02-28,43.2875
2019-03-01,43.7425
2019-03-04,43.9625
2019-03-05,43.8825
2019-03-06,43.63
2019-03-07,43.125
2019-03-08,43.2275
2019-03-11,44.725
2019-03-12,45.2275
2019-03-13,45.4275
2019-03-14,45.9325
2019-03-15,46.53
2019-03-18,47.005
2019-03-19,46.6325
2019-03-20,47.04
2019-03-21,48.7725
2019-03-22,47.7625
2019-03-25,47.185
2019-03-26,46.6975
2019-03-27,47.1175
2019-03-28,47.18
2019-03-29,47.4875
2019-04-01,47.81
2019-04-02,48.505
2019-04-03,48.8375
2019-04-04,48.9225
2019-04-05,49.25
2019-04-08,50.025
2019-04-09,49.875
2019-04-10,50.155
2019-04-11,49.7375
2019-04-12,49.7175
2019-04-15,49.8075
2019-04-16,49.8125
2019-04-17,50.7825
2019-04-18,50.965
2019-04-22,51.1325
2019-04-23,51.87
2019-04-24,51.79
2019-04-25,51.32
2019-04-26,51.075
2019-04-29,51.1525
2019-04-30,50.1675
2019-05-01,52.63
2019-05-02,52.2875
2019-05-03,52.9375
2019-05-06,52.12
2019-05-07,50.715
2019-05-08,50.725
2019-05-09,50.18
2019-05-10,49.295
2019-05-13,46.43
2019-05-14,47.165
2019-05-15,47.73
2019-05-16,47.52
2019-05-17,47.25
2019-05-20,45.7725
2019-05-21,46.65
2019-05-22,45.695
2019-05-23,44.915
2019-05-24,44.7425
2019-05-28,44.5575
2019-05-29,44.345
2019-05-30,44.575
2019-05-31,43.7675
2019-06-03,43.325
2019-06-04,44.91
2019-06-05,45.635
2019-06-06,46.305
2019-06-07,47.5375
2019-06-10,48.145
2019-06-11,48.7025
2019-06-12,48.5475
2019-06-13,48.5375
2019-06-14,48.185
2019-06-17,48.4725
2019-06-18,49.6125
2019-06-19,49.4675
2019-06-20,49.865
2019-06-21,49.695
2019-06-24,49.645
2019-06-25,48.8925
2019-06-26,49.95
2019-06-27,49.935
2019-06-28,49.48
2019-07-01,50.3875
2019-07-02,50.6825
2019-07-03,51.1025
2019-07-05,51.0575
2019-07-08,50.005
2019-07-09,50.31
2019-07-10,50.8075
2019-07-11,50.4375
2019-07-12,50.825
2019-07-15,51.3025
2019-07-16,51.125
2019-07-17,50.8375
2019-07-18,51.415
2019-07-19,50.6475
2019-07-22,51.805
2019-07-23,52.21
2019-07-24,52.1675
2019-07-25,51.755
2019-07-26,51.935
2019-07-29,52.42
2019-07-30,52.195
2019-07-31,53.26
2019-08-01,52.1075
2019-08-02,51.005
2019-08-05,48.335
2019-08-06,49.25
2019-08-07,49.76
2019-08-08,50.8575
2019-08-09,50.2475
2019-08-12,50.12
2019-08-13,52.2425
2019-08-14,50.6875
2019-08-15,50.435
2019-08-16,51.625
2019-08-19,52.5875
2019-08-20,52.59
2019-08-21,53.16
2019-08-22,53.115
2019-08-23,50.66
2019-08-26,51.6225
2019-08-27,51.04
2019-08-28,51.3825
2019-08-29,52.2525
2019-08-30,52.185
2019-09-03,51.425
2019-09-04,52.2975
2019-09-05,53.32
2019-09-06,53.315
2019-09-09,53.5425
2019-09-10,54.175
2019-09-11,55.8975
2019-09-12,55.77125
2019-09-13,54.6875
2019-09-16,54.975
2019-09-17,55.175
2019-09-18,55.6925
2019-09-19,55.24
2019-09-20,54.4325
2019-09-23,54.68
2019-09-24,54.42
2019-09-25,55.2575
2019-09-26,54.9725
2019-09-27,54.705
2019-09-30,55.9925
2019-10-01,56.1475
2019-10-02,54.74
2019-10-03,55.205
2019-10-04,56.7525
2019-10-07,56.765
2019-10-08,56.1
2019-10-09,56.7575
2019-10-10,57.5225
2019-10-11,59.0525
2019-10-14,58.9675
2019-10-15,58.83
2019-10-16,58.5925
2019-10-17,58.82
2019-10-18,59.1025
2019-10-21,60.1275
2019-10-22,59.99
2019-10-23,60.795
2019-10-24,60.895
2019-10-25,61.645
2019-10-28,62.2625
2019-10-29,60.8225
2019-10-30,60.815
2019-10-31,62.19
2019-11-01,63.955
2019-11-04,64.375
2019-11-05,64.2825
2019-11-06,64.31
2019-11-07,64.8575
2019-11-08,65.035
2019-11-11,65.55
2019-11-12,65.49
2019-11-13,66.1175
2019-11-14,65.66
2019-11-15,66.44
2019-11-18,66.775
2019-11-19,66.5725
2019-11-20,65.7975
2019-11-21,65.5025
2019-11-22,65.445
2019-11-25,66.5925
2019-11-26,66.0725
2019-11-27,66.96
2019-11-29,66.8125
2019-12-02,66.04
2019-12-03,64.8625
2019-12-04,65.435
2019-12-05,66.395
2019-12-06,67.6775
2019-12-09,66.73
2019-12-10,67.12
2019-12-11,67.6925
2019-12-12,67.865
2019-12-13,68.7875
2019-12-16,69.965
2019-12-17,70.1025
2019-12-18,69.935
2019-12-19,70.005
2019-12-20,69.86
2019-12-23,71.0
2019-12-24,71.0675
2019-12-26,72.4775
2019-12-27,72.45
2019-12-30,72.88
2019-12-31,73.4125
2020-01-02,75.0875
2020-01-03,74.3575
2020-01-06,74.95
2020-01-07,74.5975
2020-01-08,75.7975
2020-01-09,77.4075
2020-01-10,77.5825
2020-01-13,79.24
2020-01-14,78.17
2020-01-15,77.835
2020-01-16,78.81
2020-01-17,79.6825
2020-01-21,79.1425
2020-01-22,79.425
2020-01-23,79.8075
2020-01-24,79.5775
2020-01-27,77.2375
2020-01-28,79.4225
2020-01-29,81.085
2020-01-30,80.9675
2020-01-31,77.3775
2020-02-03,77.165
2020-02-04,79.7125
2020-02-05,80.3625
2020-02-06,81.3025
2020-02-07,80.0075
2020-02-10,80.3875
2020-02-11,79.9025
2020-02-12,81.8
2020-02-13,81.2175
2020-02-14,81.2375
2020-02-18,79.75
2020-02-19,80.905
2020-02-20,80.075
2020-02-21,78.2625
2020-02-24,74.545
2020-02-25,72.02
2020-02-26,73.1625
2020-02-27,68.38
2020-02-28,68.34
2020-03-02,74.7025
2020-03-03,72.33
2020-03-04,75.685
2020-03-05,73.23
2020-03-06,72.2575
2020-03-09,66.5425
2020-03-10,71.335
2020-03-11,68.8575
2020-03-12,62.0575
2020-03-13,69.4925
2020-03-16,60.5525
2020-03-17,63.215
2020-03-18,61.6675
2020-03-19,61.195
2020-03-20,57.31
2020-03-23,56.0925
2020-03-24,61.72
2020-03-25,61.38
2020-03-26,64.61
2020-03-27,61.935
2020-03-30,63.7025
2020-03-31,63.5725
2020-04-01,60.2275
2020-04-02,61.2325
2020-04-03,60.3525
2020-04-06,65.6175
2020-04-07,64.8575
2020-04-08,66.5175
2020-04-09,66.9975
2020-04-13,68.3125
2020-04-14,71.7625
2020-04-15,71.1075
2020-04-16,71.6725
2020-04-17,70.7
2020-04-20,69.2325
2020-04-21,67.0925
2020-04-22,69.025
2020-04-23,68.7575
2020-04-24,70.7425
2020-04-27,70.7925
2020-04-28,69.645
2020-04-29,71.9325
2020-04-30,73.45
2020-05-01,72.2675
2020-05-04,73.29
2020-05-05,74.39
2020-05-06,75.1575
2020-05-07,75.935
2020-05-08,77.5325
2020-05-11,78.7525
2020-05-12,77.8525
2020-05-13,76.9125
2020-05-14,77.385
2020-05-15,76.9275
2020-05-18,78.74
2020-05-19,78.285
2020-05-20,79.8075
2020-05-21,79.2125
2020-05-22,79.7225
2020-05-26,79.1825
2020-05-27,79.5275
2020-05-28,79.5625
2020-05-29,79.485
2020-06-01,80.4625
2020-06-02,80.835
2020-06-03,81.28
2020-06-04,80.58
2020-06-05,82.875
2020-06-08,83.365
2020-06-09,85.9975
2020-06-10,88.21
2020-06-11,83.975
2020-06-12,84.7
2020-06-15,85.7475
2020-06-16,88.02
2020-06-17,87.8975
2020-06-18,87.9325
2020-06-19,87.43
2020-06-22,89.7175
2020-06-23,91.6325
2020-06-24,90.015
2020-06-25,91.21
2020-06-26,88.4075
2020-06-29,90.445
2020-06-30,91.2
2020-07-01,91.0275
2020-07-02,91.0275
2020-07-06,93.4625
2020-07-07,93.1725
2020-07-08,95.3425
2020-07-09,95.6825
2020-07-10,95.92
2020-07-13,95.4775
2020-07-14,97.0575
2020-07-15,97.725
2020-07-16,96.5225
2020-07-17,96.3275
2020-07-20,98.3575
2020-07-21,97.0
2020-07-22,97.2725
2020-07-23,92.845
2020-07-24,92.615
2020-07-27,94.81
2020-07-28,93.2525
2020-07-29,95.04
2020-07-30,96.19
2020-07-31,106.26
2020-08-03,108.9375
2020-08-04,109.665
2020-08-05,110.0625
2020-08-06,113.9025
2020-08-07,111.1125
2020-08-10,112.7275
2020-08-11,109.375
2020-08-12,113.01
2020-08-13,115.01
2020-08-14,114.9075
2020-08-17,114.6075
2020-08-18,115.5625
2020-08-19,115.7075
2020-08-20,118.275
2020-08-21,124.37
2020-08-24,125.8575
2020-08-25,124.825
2020-08-26,126.5225
2020-08-27,125.01
2020-08-28,124.8075
2020-08-31,129.04
2020-09-01,134.18
2020-09-02,131.4
2020-09-03,120.88
2020-09-04,120.96
2020-09-08,112.82
2020-09-09,117.32
2020-09-10,113.49
2020-09-11,112.0
2020-09-14,115.355
2020-09-15,115.54
2020-09-16,112.13
2020-09-17,110.34
2020-09-18,106.84
2020-09-21,110.08
2020-09-22,111.81
2020-09-23,107.12
2020-09-24,108.22
2020-09-25,112.28
2020-09-28,114.96
2020-09-29,114.09
2020-09-30,115.81
2020-10-01,116.79
2020-10-02,113.02
2020-10-05,116.5
2020-10-06,113.16
2020-10-07,115.08
2020-10-08,114.97
2020-10-09,116.97
2020-10-12,124.4
2020-10-13,121.1
2020-10-14,121.19
2020-10-15,120.71
2020-10-16,119.02
2020-10-19,115.98
2020-10-20,117.51
2020-10-21,116.87
2020-10-22,115.75
2020-10-23,115.04
2020-10-26,115.05
2020-10-27,116.6
2020-10-28,111.2
2020-10-29,115.32
2020-10-30,108.86
2020-11-02,108.77
2020-11-03,110.44
2020-11-04,114.95
2020-11-05,119.03
2020-11-06,118.69
2020-11-09,116.32
2020-11-10,115.97
2020-11-11,119.49
2020-11-12,119.21
2020-11-13,119.26
2020-11-16,120.3
2020-11-17,119.39
2020-11-18,118.03
2020-11-19,118.64
2020-11-20,117.34
2020-11-23,113.85
2020-11-24,115.17
2020-11-25,116.03
2020-11-27,116.59
2020-11-30,119.05
2020-12-01,122.72
2020-12-02,123.08
2020-12-03,122.94
2020-12-04,122.25
2020-12-07,123.75
2020-12-08,124.38
2020-12-09,121.78
2020-12-10,123.24
2020-12-11,122.41
2020-12-14,121.78
2020-12-15,127.88
2020-12-16,127.81
2020-12-17,128.7
2020-12-18,126.655
2020-12-21,128.23
2020-12-22,131.88
2020-12-23,130.96
2020-12-24,131.97
2020-12-28,136.69
2020-12-29,134.87
2020-12-30,133.72
2020-12-31,132.69
2021-01-04,129.41
2021-01-05,131.01
2021-01-06,126.6
2021-01-07,130.92
2021-01-08,132.05
2021-01-11,128.98
2021-01-12,128.8
2021-01-13,130.89
2021-01-14,128.91
2021-01-15,127.14
2021-01-19,127.83
2021-01-20,132.03
2021-01-21,136.87
2021-01-22,139.07
2021-01-25,142.92
2021-01-26,143.16
2021-01-27,142.06
2021-01-28,137.09
2021-01-29,131.96
2021-02-01,134.14
2021-02-02,134.99
2021-02-03,133.94
2021-02-04,137.39
2021-02-05,136.76
2021-02-08,136.91
2021-02-09,136.01
2021-02-10,135.39
2021-02-11,135.13
2021-02-12,135.37
2021-02-16,133.19
2021-02-17,130.84
2021-02-18,129.71
2021-02-19,129.87
2021-02-22,126.0
2021-02-23,125.86
2021-02-24,125.35
2021-02-25,120.99
2021-02-26,121.26
2021-03-01,127.79
2021-03-02,125.12
2021-03-03,122.06
2021-03-04,120.13
2021-03-05,121.42
2021-03-08,116.36
2021-03-09,121.085
2021-03-10,119.98
2021-03-11,121.96
2021-03-12,121.03
2021-03-15,123.99
2021-03-16,125.57
2021-03-17,124.76
2021-03-18,120.53
2021-03-19,119.99
2021-03-22,123.39
2021-03-23,122.54
2021-03-24,120.09
2021-03-25,120.59
2021-03-26,121.21
2021-03-29,121.39
2021-03-30,119.9
2021-03-31,122.15
2021-04-01,123.0
2021-04-05,125.9
2021-04-06,126.21
2021-04-07,127.9
2021-04-08,130.36
2021-04-09,132.995
2021-04-12,131.24
2021-04-13,134.43
2021-04-14,132.03
2021-04-15,134.5
2021-04-16,134.16
2021-04-19,134.84
2021-04-20,133.11
2021-04-21,133.5
2021-04-22,131.94
2021-04-23,134.32
2021-04-26,134.72
2021-04-27,134.39
2021-04-28,133.58
2021-04-29,133.48
2021-04-30,131.46
2021-05-03,132.54
2021-05-04,127.85
2021-05-05,128.1
2021-05-06,129.74
2021-05-07,130.21
2021-05-10,126.85
2021-05-11,125.91
2021-05-12,122.77
2021-05-13,124.97
2021-05-14,127.45
2021-05-17,126.27
2021-05-18,124.85
2021-05-19,124.69
2021-05-20,127.31
2021-05-21,125.43
2021-05-24,127.1
2021-05-25,126.9
2021-05-26,126.85
2021-05-27,125.28
2021-05-28,124.61
2021-06-01,124.28
2021-06-02,125.06
2021-06-03,123.54
2021-06-04,125.89
2021-06-07,125.9
2021-06-08,126.74
2021-06-09,127.13
2021-06-10,126.11
2021-06-11,127.35
2021-06-14,130.48
2021-06-15,129.64
2021-06-16,130.15
2021-06-17,131.79
2021-06-18,130.46
2021-06-21,132.3
2021-06-22,133.98
2021-06-23,133.7
2021-06-24,133.41
2021-06-25,133.11
2021-06-28,134.78
2021-06-29,136.33
2021-06-30,136.96
2021-07-01,137.27
2021-07-02,139.96
2021-07-06,142.02
2021-07-07,144.57
2021-07-08,143.24
2021-07-09,145.11
2021-07-12,144.5
2021-07-13,145.64
2021-07-14,149.15
2021-07-15,148.48
2021-07-16,146.39
2021-07-19,142.45
2021-07-20,146.15
2021-07-21,145.4
2021-07-22,146.8
2021-07-23,148.56
2021-07-26,148.99
2021-07-27,146.77
2021-07-28,144.98
2021-07-29,145.64
2021-07-30,145.86
2021-08-02,145.52
2021-08-03,147.36
2021-08-04,146.95
2021-08-05,147.06
2021-08-06,146.14
2021-08-09,146.09
2021-08-10,145.6
2021-08-11,145.86
2021-08-12,148.89
2021-08-13,149.1
2021-08-16,151.12
2021-08-17,150.19
2021-08-18,146.36
2021-08-19,146.7
2021-08-20,148.19
2021-08-23,149.71
2021-08-24,149.62
2021-08-25,148.36
2021-08-26,147.54
2021-08-27,148.6
2021-08-30,153.12
2021-08-31,151.83
2021-09-01,152.51
2021-09-02,153.65
2021-09-03,154.3
2021-09-07,156.69
2021-09-08,155.11
2021-09-09,154.07
2021-09-10,148.97
2021-09-13,149.55
2021-09-14,148.12
2021-09-15,149.03
2021-09-16,148.79
2021-09-17,146.06
2021-09-20,142.94
2021-09-21,143.43
2021-09-22,145.85
2021-09-23,146.83
2021-09-24,146.92
2021-09-27,145.37
2021-09-28,141.91
2021-09-29,142.83
2021-09-30,141.5
2021-10-01,142.65
2021-10-04,139.14
2021-10-05,141.11
2021-10-06,142.0
2021-10-07,143.29
2021-10-08,142.9
2021-10-11,142.81
2021-10-12,141.51
2021-10-13,140.91
2021-10-14,143.76
2021-10-15,144.84
2021-10-18,146.55
2021-10-19,148.76
2021-10-20,149.26
2021-10-21,149.48
2021-10-22,148.69
2021-10-25,148.64
2021-10-26,149.32
2021-10-27,148.85
2021-10-28,152.57
2021-10-29,149.8
2021-11-01,148.96
2021-11-02,150.02
2021-11-03,151.49
2021-11-04,150.96
2021-11-05,151.28
2021-11-08,150.44
2021-11-09,150.81
2021-11-10,147.92
2021-11-11,147.87
2021-11-12,149.99
2021-11-15,150.0
2021-11-16,151.0
2021-11-17,153.49
2021-11-18,157.87
2021-11-19,160.55
2021-11-22,161.02
2021-11-23,161.41
2021-11-24,161.94
2021-11-26,156.81
2021-11-29,160.24
2021-11-30,165.3
2021-12-01,164.77
2021-12-02,163.76
2021-12-03,161.84
2021-12-06,165.32
2021-12-07,171.18
2021-12-08,175.08
2021-12-09,174.56
2021-12-10,179.45
2021-12-13,175.74
2021-12-14,174.33
2021-12-15,179.3
2021-12-16,172.26
2021-12-17,171.14
2021-12-20,169.75
2021-12-21,172.99
2021-12-22,175.64
2021-12-23,176.28
2021-12-27,180.33
2021-12-28,179.29
2021-12-29,179.38
2021-12-30,178.2
2021-12-31,177.57
2022-01-03,182.01
2022-01-04,179.7
2022-01-05,174.92
2022-01-06,172.0
2022-01-07,172.17
2022-01-10,172.19
2022-01-11,175.08
2022-01-12,175.53
2022-01-13,172.19
2022-01-14,173.07
2022-01-18,169.8
2022-01-19,166.23
2022-01-20,164.51
2022-01-21,162.41
2022-01-24,161.62
2022-01-25,159.78
2022-01-26,159.69
2022-01-27,159.22
2022-01-28,170.33
2022-01-31,174.78
2022-02-01,174.61
2022-02-02,175.84
2022-02-03,172.9
2022-02-04,172.39
2022-02-07,171.66
2022-02-08,174.83
2022-02-09,176.28
2022-02-10,172.12
2022-02-11,168.64
2022-02-14,168.88
2022-02-15,172.79
2022-02-16,172.55
2022-02-17,168.88
2022-02-18,167.3
2022-02-22,164.32
2022-02-23,160.07
2022-02-24,162.74
2022-02-25,164.85
2022-02-28,165.12
2022-03-01,163.2
2022-03-02,166.56
2022-03-03,166.23
2022-03-04,163.17
2022-03-07,159.3
2022-03-08,157.44
2022-03-09,162.95
2022-03-10,158.52
2022-03-11,154.73
2022-03-14,150.62
2022-03-15,155.09
2022-03-16,159.59
2022-03-17,160.62
2022-03-18,163.98
2022-03-21,165.38
2022-03-22,168.82
2022-03-23,170.21
2022-03-24,174.07
2022-03-25,174.72
2022-03-28,175.6
2022-03-29,178.96
2022-03-30,177.77
2022-03-31,174.61
2022-04-01,174.31
2022-04-04,178.44
2022-04-05,175.06
2022-04-06,171.83
2022-04-07,172.14
2022-04-08,170.09
2022-04-11,165.75
2022-04-12,167.66
2022-04-13,170.4
2022-04-14,165.29
2022-04-18,165.07
2022-04-19,167.4
2022-04-20,167.23
2022-04-21,166.42
2022-04-22,161.79
2022-04-25,162.88
2022-04-26,156.8
2022-04-27,156.57
2022-04-28,163.64
2022-04-29,157.65
2022-05-02,157.96
2022-05-03,159.48
2022-05-04,166.02
2022-05-05,156.77
2022-05-06,157.28
2022-05-09,152.06
2022-05-10,154.51
2022-05-11,146.5
2022-05-12,142.56
2022-05-13,147.11
2022-05-16,145.54
2022-05-17,149.24
2022-05-18,140.82
2022-05-19,137.35
2022-05-20,137.59
2022-05-23,143.11
2022-05-24,140.36
2022-05-25,140.52
2022-05-26,143.78
2022-05-27,149.64
2022-05-31,148.84
2022-06-01,148.71
2022-06-02,151.21
2022-06-03,145.38
2022-06-06,146.14
2022-06-07,148.71
2022-06-08,147.96
2022-06-09,142.64
2022-06-10,137.13
2022-06-13,131.88
2022-06-14,132.76
2022-06-15,135.43
2022-06-16,130.06
2022-06-17,131.56
2022-06-21,135.87
2022-06-22,135.35
2022-06-23,138.27
2022-06-24,141.66
2022-06-27,141.66
2022-06-28,137.44
2022-06-29,139.23
2022-06-30,136.72
2022-07-01,138.93
2022-07-05,141.56
2022-07-06,142.92
2022-07-07,146.35
2022-07-08,147.04
2022-07-11,144.87
2022-07-12,145.86
2022-07-13,145.49
2022-07-14,148.47
2022-07-15,150.17
2022-07-18,147.07
2022-07-19,151.0
2022-07-20,153.04
2022-07-21,155.35
2022-07-22,154.09
2022-07-25,152.95
2022-07-26,151.6
2022-07-27,156.79
2022-07-28,157.35
2022-07-29,162.51
2022-08-01,161.51
2022-08-02,160.01
2022-08-03,166.13
2022-08-04,165.81
2022-08-05,165.35
2022-08-08,164.87
2022-08-09,164.92
2022-08-10,169.24
2022-08-11,168.49
2022-08-12,172.1
2022-08-15,173.19
2022-08-16,173.03
2022-08-17,174.55
2022-08-18,174.15
2022-08-19,171.52
2022-08-22,167.57
2022-08-23,167.23
2022-08-24,167.53
2022-08-25,170.03
2022-08-26,163.62
2022-08-29,161.38
2022-08-30,158.91
2022-08-31,157.22
2022-09-01,157.96
2022-09-02,155.81
2022-09-06,154.53
2022-09-07,155.96
2022-09-08,154.46
2022-09-09,157.37
2022-09-12,163.43
2022-09-13,153.84
2022-09-14,155.31
2022-09-15,152.37
2022-09-16,150.7
2022-09-19,154.48
2022-09-20,156.9
2022-09-21,153.72
2022-09-22,152.74
2022-09-23,150.43
2022-09-26,150.77
2022-09-27,151.76
2022-09-28,149.84
2022-09-29,142.48
2022-09-30,138.2
2022-10-03,142.45
2022-10-04,146.1
2022-10-05,146.4
2022-10-06,145.43
2022-10-07,140.09
2022-10-10,140.42
2022-10-11,138.98
2022-10-12,138.34
2022-10-13,142.99
2022-10-14,138.38
2022-10-17,142.41
2022-10-18,143.75
2022-10-19,143.86
2022-10-20,143.39
2022-10-21,147.27
2022-10-24,149.45
2022-10-25,152.34
2022-10-26,149.35
2022-10-27,144.8
2022-10-28,155.74
2022-10-31,153.34
2022-11-01,150.65
2022-11-02,145.03
2022-11-03,138.88
2022-11-04,138.38
2022-11-07,138.92
2022-11-08,139.5
2022-11-09,134.87
2022-11-10,146.87
2022-11-11,149.7
2022-11-14,148.28
2022-11-15,150.04
2022-11-16,148.79
2022-11-17,150.72
2022-11-18,151.29
2022-11-21,148.01
2022-11-22,150.18
2022-11-23,151.07
2022-11-25,148.11
2022-11-28,144.22
2022-11-29,141.17
2022-11-30,148.03
2022-12-01,148.31
2022-12-02,147.81
2022-12-05,146.63
2022-12-06,142.91
2022-12-07,140.94
2022-12-08,142.65
2022-12-09,142.16
2022-12-12,144.49
2022-12-13,145.47
2022-12-14,143.21
2022-12-15,136.5
2022-12-16,134.51
2022-12-19,132.37
2022-12-20,132.3
2022-12-21,135.45
2022-12-22,132.23
2022-12-23,131.86
2022-12-27,130.03
2022-12-28,126.04
2022-12-29,129.61
2022-12-30,129.93
2023-01-03,125.07
2023-01-04,126.36
2023-01-05,125.02
2023-01-06,129.62
2023-01-09,130.15
2023-01-10,130.73
2023-01-11,133.49
2023-01-12,133.41
2023-01-13,134.76
2023-01-17,135.94
2023-01-18,135.21
2023-01-19,135.27
2023-01-20,137.87
2023-01-23,141.11
2023-01-24,142.53
2023-01-25,141.86
2023-01-26,143.96
2023-01-27,145.93
2023-01-30,143.0
2023-01-31,144.29
2023-02-01,145.43
2023-02-02,150.82
2023-02-03,154.5
2023-02-06,151.73
2023-02-07,154.65
2023-02-08,151.92
2023-02-09,150.87
2023-02-10,151.01
2023-02-13,153.85
2023-02-14,153.2
2023-02-15,155.33
2023-02-16,153.71
2023-02-17,152.55
2023-02-21,148.48
2023-02-22,148.91
2023-02-23,149.4
2023-02-24,146.71
2023-02-27,147.92
2023-02-28,147.41
2023-03-01,145.31
2023-03-02,145.91
2023-03-03,151.03
2023-03-06,153.83
2023-03-07,151.6
2023-03-08,152.87
2023-03-09,150.59
2023-03-10,148.5
2023-03-13,150.47
2023-03-14,152.59
2023-03-15,152.99
2023-03-16,155.85
2023-03-17,155.0
2023-03-20,157.4
2023-03-21,159.28
2023-03-22,157.83
2023-03-23,158.93
2023-03-24,160.25
2023-03-27,158.28
2023-03-28,157.65
2023-03-29,160.77
2023-03-30,162.36
2023-03-31,164.9
2023-04-03,166.17
2023-04-04,165.63
2023-04-05,163.76
2023-04-06,164.66
2023-04-10,162.03
2023-04-11,160.8
2023-04-12,160.1
2023-04-13,165.56
2023-04-14,165.21
